phenotype,t_stat,p_value
Phenotype_A,207.88450643470452,0.0
Phenotype_B,594.8836558189652,0.0
Phenotype_C,770.5027345264049,0.0
Phenotype_D,-86.9421612553772,0.0
Phenotype_E,-509.6162690974179,0.0
